{
    "cis_benchmark_version": "1.8.0",
    "detailed_results": [
        {
            "changed": false,
            "control": "1.1.1",
            "level": "L1",
            "message": "Operator-managed configuration. No manual remediation available.",
            "status": "NOT_AVAILABLE",
            "timestamp": "2025-11-20T10:04:03Z",
            "title": "Ensure that the API server pod specification file permissions are set to 600 or more restrictive"
        },
        {
            "changed": false,
            "control": "1.1.2",
            "level": "L1",
            "message": "Operator-managed configuration. No manual remediation available.",
            "status": "NOT_AVAILABLE",
            "timestamp": "2025-11-20T10:04:03Z",
            "title": "Ensure that the API server pod specification file ownership is set to root:root"
        },
        {
            "changed": false,
            "control": "1.1.3",
            "level": "L1",
            "message": "Operator-managed configuration. No manual remediation available.",
            "status": "NOT_AVAILABLE",
            "timestamp": "2025-11-20T10:04:03Z",
            "title": "Ensure that the controller manager pod specification file permissions are set to 600 or more restrictive"
        },
        {
            "changed": false,
            "control": "1.1.4",
            "level": "L1",
            "message": "Operator-managed configuration. No manual remediation available.",
            "status": "NOT_AVAILABLE",
            "timestamp": "2025-11-20T10:04:03Z",
            "title": "Ensure that the controller manager pod specification file ownership is set to root:root"
        },
        {
            "changed": false,
            "control": "1.1.5",
            "level": "L1",
            "message": "Operator-managed configuration. No manual remediation available.",
            "status": "NOT_AVAILABLE",
            "timestamp": "2025-11-20T10:04:03Z",
            "title": "Ensure that the scheduler pod specification file permissions are set to 600 or more restrictive"
        },
        {
            "changed": false,
            "control": "1.1.6",
            "level": "L1",
            "message": "Operator-managed configuration. No manual remediation available.",
            "status": "NOT_AVAILABLE",
            "timestamp": "2025-11-20T10:04:03Z",
            "title": "Ensure that the scheduler pod specification file ownership is set to root:root"
        },
        {
            "changed": false,
            "control": "1.1.7",
            "level": "L1",
            "message": "Operator-managed configuration. No manual remediation available.",
            "status": "NOT_AVAILABLE",
            "timestamp": "2025-11-20T10:04:03Z",
            "title": "Ensure that the etcd pod specification file permissions are set to 600 or more restrictive"
        },
        {
            "changed": false,
            "control": "1.1.8",
            "level": "L1",
            "message": "Operator-managed configuration. No manual remediation available.",
            "status": "NOT_AVAILABLE",
            "timestamp": "2025-11-20T10:04:03Z",
            "title": "Ensure that the etcd pod specification file ownership is set to root:root"
        },
        {
            "changed": false,
            "control": "1.1.9",
            "level": "L1",
            "message": "OpenShift uses OVN-Kubernetes or OpenShift SDN. Manual verification required for CNI configuration.",
            "status": "NOT_APPLICABLE",
            "timestamp": "2025-11-20T10:04:03Z",
            "title": "Ensure that the Container Network Interface file permissions are set to 600 or more restrictive"
        },
        {
            "changed": false,
            "control": "1.1.10",
            "level": "L1",
            "message": "OpenShift uses OVN-Kubernetes or OpenShift SDN. Manual verification required for CNI configuration.",
            "status": "NOT_APPLICABLE",
            "timestamp": "2025-11-20T10:04:03Z",
            "title": "Ensure that the Container Network Interface file ownership is set to root:root"
        },
        {
            "changed": false,
            "control": "1.1.11",
            "level": "L1",
            "message": "Operator-managed configuration. No manual remediation available.",
            "status": "NOT_AVAILABLE",
            "timestamp": "2025-11-20T10:04:03Z",
            "title": "Ensure that the etcd data directory permissions are set to 700 or more restrictive"
        },
        {
            "changed": false,
            "control": "1.1.12",
            "level": "L1",
            "message": "Operator-managed configuration. No manual remediation available.",
            "status": "NOT_AVAILABLE",
            "timestamp": "2025-11-20T10:04:03Z",
            "title": "Ensure that the etcd data directory ownership is set to etcd:etcd"
        },
        {
            "changed": false,
            "control": "1.1.13",
            "level": "L1",
            "message": "Operator-managed configuration. No manual remediation available.",
            "status": "NOT_AVAILABLE",
            "timestamp": "2025-11-20T10:04:03Z",
            "title": "Ensure that the admin.kubeconfig file permissions are set to 600 or more restrictive"
        },
        {
            "changed": false,
            "control": "1.1.14",
            "level": "L1",
            "message": "Operator-managed configuration. No manual remediation available.",
            "status": "NOT_AVAILABLE",
            "timestamp": "2025-11-20T10:04:03Z",
            "title": "Ensure that the admin.kubeconfig file ownership is set to root:root"
        },
        {
            "changed": false,
            "control": "1.1.15",
            "level": "L1",
            "message": "OpenShift uses integrated kubeconfig. Manual verification required.",
            "status": "NOT_APPLICABLE",
            "timestamp": "2025-11-20T10:04:03Z",
            "title": "Ensure that the scheduler.conf file permissions are set to 600 or more restrictive"
        },
        {
            "changed": false,
            "control": "1.1.16",
            "level": "L1",
            "message": "OpenShift uses integrated kubeconfig. Manual verification required.",
            "status": "NOT_APPLICABLE",
            "timestamp": "2025-11-20T10:04:03Z",
            "title": "Ensure that the scheduler.conf file ownership is set to root:root"
        },
        {
            "changed": false,
            "control": "1.1.17",
            "level": "L1",
            "message": "OpenShift uses integrated kubeconfig. Manual verification required.",
            "status": "NOT_APPLICABLE",
            "timestamp": "2025-11-20T10:04:03Z",
            "title": "Ensure that the controller-manager.conf file permissions are set to 600 or more restrictive"
        },
        {
            "changed": false,
            "control": "1.1.18",
            "level": "L1",
            "message": "OpenShift uses integrated kubeconfig. Manual verification required.",
            "status": "NOT_APPLICABLE",
            "timestamp": "2025-11-20T10:04:03Z",
            "title": "Ensure that the controller-manager.conf file ownership is set to root:root"
        },
        {
            "changed": false,
            "control": "1.1.19",
            "level": "L1",
            "message": "Operator-managed configuration. No manual remediation available.",
            "status": "NOT_AVAILABLE",
            "timestamp": "2025-11-20T10:04:03Z",
            "title": "Ensure that the Kubernetes PKI directory and file ownership is set to root:root"
        },
        {
            "changed": false,
            "control": "1.1.20",
            "level": "L1",
            "message": "Operator-managed configuration. No manual remediation available.",
            "status": "NOT_AVAILABLE",
            "timestamp": "2025-11-20T10:04:03Z",
            "title": "Ensure that the Kubernetes PKI certificate file permissions are set to 600 or more restrictive"
        },
        {
            "changed": false,
            "control": "1.1.21",
            "level": "L1",
            "message": "Operator-managed configuration. No manual remediation available.",
            "status": "NOT_AVAILABLE",
            "timestamp": "2025-11-20T10:04:03Z",
            "title": "Ensure that the Kubernetes PKI key file permissions are set to 600"
        },
        {
            "changed": false,
            "control": "1.2.1",
            "level": "L1",
            "message": "Operator-managed configuration. Anonymous auth is restricted to specific endpoints by default.",
            "status": "NOT_AVAILABLE",
            "timestamp": "2025-11-20T10:04:03Z",
            "title": "Ensure that the --anonymous-auth argument is set to false"
        },
        {
            "changed": false,
            "control": "1.2.2",
            "level": "L1",
            "message": "Operator-managed configuration. Basic auth is not used in OpenShift.",
            "status": "NOT_AVAILABLE",
            "timestamp": "2025-11-20T10:04:03Z",
            "title": "Ensure that the --basic-auth-file argument is not set"
        },
        {
            "changed": false,
            "control": "1.2.3",
            "level": "L1",
            "message": "Operator-managed configuration. Token auth file is not used in OpenShift.",
            "status": "NOT_AVAILABLE",
            "timestamp": "2025-11-20T10:04:03Z",
            "title": "Ensure that the --token-auth-file parameter is not set"
        },
        {
            "changed": false,
            "control": "1.2.4",
            "level": "L1",
            "message": "Operator-managed configuration. HTTPS is enabled by default.",
            "status": "NOT_AVAILABLE",
            "timestamp": "2025-11-20T10:04:03Z",
            "title": "Ensure that the --kubelet-https argument is set to true"
        },
        {
            "changed": false,
            "control": "1.2.5",
            "level": "L1",
            "message": "Operator-managed configuration. Kubelet client certificates are automatically managed.",
            "status": "NOT_AVAILABLE",
            "timestamp": "2025-11-20T10:04:03Z",
            "title": "Ensure that the --kubelet-client-certificate and --kubelet-client-key arguments are set as appropriate"
        },
        {
            "changed": false,
            "control": "1.2.6",
            "level": "L1",
            "message": "Operator-managed configuration. Kubelet CA is automatically managed.",
            "status": "NOT_AVAILABLE",
            "timestamp": "2025-11-20T10:04:03Z",
            "title": "Ensure that the --kubelet-certificate-authority argument is set as appropriate"
        },
        {
            "changed": false,
            "control": "1.2.7",
            "level": "L1",
            "message": "Operator-managed configuration. Authorization mode includes RBAC and Node by default.",
            "status": "NOT_AVAILABLE",
            "timestamp": "2025-11-20T10:04:03Z",
            "title": "Ensure that the --authorization-mode argument is not set to AlwaysAllow"
        },
        {
            "changed": false,
            "control": "1.2.8",
            "level": "L1",
            "message": "Operator-managed configuration. Node authorization is enabled by default.",
            "status": "NOT_AVAILABLE",
            "timestamp": "2025-11-20T10:04:03Z",
            "title": "Ensure that the --authorization-mode argument includes Node"
        },
        {
            "changed": false,
            "control": "1.2.9",
            "level": "L1",
            "message": "Operator-managed configuration. RBAC is enabled by default and cannot be disabled.",
            "status": "NOT_AVAILABLE",
            "timestamp": "2025-11-20T10:04:03Z",
            "title": "Ensure that the --authorization-mode argument includes RBAC"
        },
        {
            "changed": false,
            "control": "1.2.10",
            "level": "L1",
            "message": "Operator-managed configuration. EventRateLimit is not enabled by default.",
            "status": "NOT_AVAILABLE",
            "timestamp": "2025-11-20T10:04:03Z",
            "title": "Ensure that the admission control plugin EventRateLimit is set"
        },
        {
            "changed": false,
            "control": "1.2.11",
            "level": "L1",
            "message": "Operator-managed configuration. AlwaysAdmit is not used in OpenShift.",
            "status": "NOT_AVAILABLE",
            "timestamp": "2025-11-20T10:04:03Z",
            "title": "Ensure that the admission control plugin AlwaysAdmit is not set"
        },
        {
            "changed": false,
            "control": "1.2.12",
            "level": "L2",
            "message": "Operator-managed configuration. AlwaysPullImages is not enabled by default.",
            "status": "NOT_AVAILABLE",
            "timestamp": "2025-11-20T10:04:03Z",
            "title": "Ensure that the admission control plugin AlwaysPullImages is set"
        },
        {
            "changed": false,
            "control": "1.2.13",
            "level": "L1",
            "message": "OpenShift uses Security Context Constraints (SCCs) instead of PodSecurityPolicy.",
            "status": "NOT_APPLICABLE",
            "timestamp": "2025-11-20T10:04:03Z",
            "title": "Ensure that the admission control plugin SecurityContextDeny is set if PodSecurityPolicy is not used"
        },
        {
            "changed": false,
            "control": "1.2.14",
            "level": "L1",
            "message": "Operator-managed configuration. ServiceAccount admission plugin is enabled by default.",
            "status": "NOT_AVAILABLE",
            "timestamp": "2025-11-20T10:04:03Z",
            "title": "Ensure that the admission control plugin ServiceAccount is set"
        },
        {
            "changed": false,
            "control": "1.2.15",
            "level": "L1",
            "message": "Operator-managed configuration. NamespaceLifecycle admission plugin is enabled by default.",
            "status": "NOT_AVAILABLE",
            "timestamp": "2025-11-20T10:04:03Z",
            "title": "Ensure that the admission control plugin NamespaceLifecycle is set"
        },
        {
            "changed": false,
            "control": "1.2.16",
            "level": "L1",
            "message": "Operator-managed configuration. NodeRestriction admission plugin is enabled by default.",
            "status": "NOT_AVAILABLE",
            "timestamp": "2025-11-20T10:04:03Z",
            "title": "Ensure that the admission control plugin NodeRestriction is set"
        },
        {
            "changed": false,
            "control": "1.2.17",
            "level": "L1",
            "message": "Operator-managed configuration. Insecure bind address is not used in OpenShift.",
            "status": "NOT_AVAILABLE",
            "timestamp": "2025-11-20T10:04:03Z",
            "title": "Ensure that the --insecure-bind-address argument is not set"
        },
        {
            "changed": false,
            "control": "1.2.18",
            "level": "L1",
            "message": "Operator-managed configuration. Insecure port is disabled by default.",
            "status": "NOT_AVAILABLE",
            "timestamp": "2025-11-20T10:04:03Z",
            "title": "Ensure that the --insecure-port argument is set to 0"
        },
        {
            "changed": false,
            "control": "1.2.19",
            "level": "L1",
            "message": "Operator-managed configuration. Secure port is enabled by default.",
            "status": "NOT_AVAILABLE",
            "timestamp": "2025-11-20T10:04:03Z",
            "title": "Ensure that the --secure-port argument is not set to 0"
        },
        {
            "changed": false,
            "control": "1.2.20",
            "level": "L1",
            "message": "Operator-managed configuration. Profiling is disabled by default.",
            "status": "NOT_AVAILABLE",
            "timestamp": "2025-11-20T10:04:03Z",
            "title": "Ensure that the --profiling argument is set to false"
        },
        {
            "changed": false,
            "control": "1.2.21",
            "level": "L1",
            "message": "Operator-managed configuration. Audit logging is enabled by default.",
            "status": "NOT_AVAILABLE",
            "timestamp": "2025-11-20T10:04:03Z",
            "title": "Ensure that the --audit-log-path argument is set"
        },
        {
            "changed": false,
            "control": "1.2.22",
            "level": "L1",
            "message": "Operator-managed configuration. Audit log retention is managed by the operator.",
            "status": "NOT_AVAILABLE",
            "timestamp": "2025-11-20T10:04:03Z",
            "title": "Ensure that the --audit-log-maxage argument is set to 30 or as appropriate"
        },
        {
            "changed": false,
            "control": "1.2.23",
            "level": "L1",
            "message": "Operator-managed configuration. Audit log backup count is managed by the operator.",
            "status": "NOT_AVAILABLE",
            "timestamp": "2025-11-20T10:04:03Z",
            "title": "Ensure that the --audit-log-maxbackup argument is set to 10 or as appropriate"
        },
        {
            "changed": false,
            "control": "1.2.24",
            "level": "L1",
            "message": "Operator-managed configuration. Audit log max size is managed by the operator.",
            "status": "NOT_AVAILABLE",
            "timestamp": "2025-11-20T10:04:03Z",
            "title": "Ensure that the --audit-log-maxsize argument is set to 100 or as appropriate"
        },
        {
            "changed": false,
            "control": "1.2.25",
            "level": "L1",
            "message": "Operator-managed configuration. Request timeout is set to appropriate defaults.",
            "status": "NOT_AVAILABLE",
            "timestamp": "2025-11-20T10:04:03Z",
            "title": "Ensure that the --request-timeout argument is set as appropriate"
        },
        {
            "changed": false,
            "control": "1.2.26",
            "level": "L1",
            "message": "Operator-managed configuration. Service account lookup is enabled by default.",
            "status": "NOT_AVAILABLE",
            "timestamp": "2025-11-20T10:04:03Z",
            "title": "Ensure that the --service-account-lookup argument is set to true"
        },
        {
            "changed": false,
            "control": "1.2.27",
            "level": "L1",
            "message": "Operator-managed configuration. Service account key file is automatically managed.",
            "status": "NOT_AVAILABLE",
            "timestamp": "2025-11-20T10:04:03Z",
            "title": "Ensure that the --service-account-key-file argument is set as appropriate"
        },
        {
            "changed": false,
            "control": "1.2.28",
            "level": "L1",
            "message": "Operator-managed configuration. etcd certificates are automatically managed.",
            "status": "NOT_AVAILABLE",
            "timestamp": "2025-11-20T10:04:03Z",
            "title": "Ensure that the --etcd-certfile and --etcd-keyfile arguments are set as appropriate"
        },
        {
            "changed": false,
            "control": "1.2.29",
            "level": "L1",
            "message": "Operator-managed configuration. TLS certificates are automatically managed.",
            "status": "NOT_AVAILABLE",
            "timestamp": "2025-11-20T10:04:03Z",
            "title": "Ensure that the --tls-cert-file and --tls-private-key-file arguments are set as appropriate"
        },
        {
            "changed": false,
            "control": "1.2.30",
            "level": "L1",
            "message": "Operator-managed configuration. Client CA file is automatically managed.",
            "status": "NOT_AVAILABLE",
            "timestamp": "2025-11-20T10:04:03Z",
            "title": "Ensure that the --client-ca-file argument is set as appropriate"
        },
        {
            "changed": false,
            "control": "1.2.31",
            "level": "L1",
            "message": "Operator-managed configuration. etcd CA file is automatically managed.",
            "status": "NOT_AVAILABLE",
            "timestamp": "2025-11-20T10:04:03Z",
            "title": "Ensure that the --etcd-cafile argument is set as appropriate"
        },
        {
            "changed": false,
            "control": "1.2.32",
            "level": "L1",
            "message": "Operator-managed configuration. Encryption at rest can be configured via APIServer CR.",
            "status": "NOT_AVAILABLE",
            "timestamp": "2025-11-20T10:04:03Z",
            "title": "Ensure that the --encryption-provider-config argument is set as appropriate"
        },
        {
            "changed": false,
            "control": "1.2.33",
            "level": "L1",
            "message": "Operator-managed configuration. Encryption providers can be configured via APIServer CR.",
            "status": "NOT_AVAILABLE",
            "timestamp": "2025-11-20T10:04:03Z",
            "title": "Ensure that encryption providers are appropriately configured"
        },
        {
            "changed": false,
            "control": "1.2.34",
            "level": "L1",
            "message": "TLS cipher suites can be configured via APIServer CR spec.tlsSecurityProfile.",
            "status": "CONFIGURABLE",
            "timestamp": "2025-11-20T10:04:03Z",
            "title": "Ensure that the API Server only makes use of Strong Cryptographic Ciphers"
        },
        {
            "changed": false,
            "control": "1.2.35",
            "level": "L1",
            "message": "TLS minimum version can be configured via APIServer CR spec.tlsSecurityProfile.",
            "status": "CONFIGURABLE",
            "timestamp": "2025-11-20T10:04:03Z",
            "title": "Ensure that the --tls-min-version argument is set as appropriate"
        },
        {
            "changed": false,
            "control": "1.3.1",
            "level": "L1",
            "message": "Operator-managed configuration. Terminated pod GC threshold is set to appropriate defaults.",
            "status": "NOT_AVAILABLE",
            "timestamp": "2025-11-20T10:04:03Z",
            "title": "Ensure that the --terminated-pod-gc-threshold argument is set as appropriate"
        },
        {
            "changed": false,
            "control": "1.3.2",
            "level": "L1",
            "message": "Operator-managed configuration. Profiling is disabled by default.",
            "status": "NOT_AVAILABLE",
            "timestamp": "2025-11-20T10:04:03Z",
            "title": "Ensure that the --profiling argument is set to false"
        },
        {
            "changed": false,
            "control": "1.3.3",
            "level": "L1",
            "message": "Operator-managed configuration. Service account credentials are used by default.",
            "status": "NOT_AVAILABLE",
            "timestamp": "2025-11-20T10:04:03Z",
            "title": "Ensure that the --use-service-account-credentials argument is set to true"
        },
        {
            "changed": false,
            "control": "1.3.4",
            "level": "L1",
            "message": "Operator-managed configuration. Service account private key file is automatically managed.",
            "status": "NOT_AVAILABLE",
            "timestamp": "2025-11-20T10:04:03Z",
            "title": "Ensure that the --service-account-private-key-file argument is set as appropriate"
        },
        {
            "changed": false,
            "control": "1.3.5",
            "level": "L1",
            "message": "Operator-managed configuration. Root CA file is automatically managed.",
            "status": "NOT_AVAILABLE",
            "timestamp": "2025-11-20T10:04:03Z",
            "title": "Ensure that the --root-ca-file argument is set as appropriate"
        },
        {
            "changed": false,
            "control": "1.3.6",
            "level": "L2",
            "message": "Operator-managed configuration. Kubelet server certificate rotation is managed by the operator.",
            "status": "NOT_AVAILABLE",
            "timestamp": "2025-11-20T10:04:03Z",
            "title": "Ensure that the RotateKubeletServerCertificate argument is set to true"
        },
        {
            "changed": false,
            "control": "1.3.7",
            "level": "L1",
            "message": "Operator-managed configuration. Bind address is set to secure defaults.",
            "status": "NOT_AVAILABLE",
            "timestamp": "2025-11-20T10:04:03Z",
            "title": "Ensure that the --bind-address argument is set to 127.0.0.1"
        },
        {
            "changed": false,
            "control": "1.4.1",
            "level": "L1",
            "message": "Operator-managed configuration. Profiling is disabled by default.",
            "status": "NOT_AVAILABLE",
            "timestamp": "2025-11-20T10:04:03Z",
            "title": "Ensure that the --profiling argument is set to false"
        },
        {
            "changed": false,
            "control": "1.4.2",
            "level": "L1",
            "message": "Operator-managed configuration. Bind address is set to secure defaults.",
            "status": "NOT_AVAILABLE",
            "timestamp": "2025-11-20T10:04:03Z",
            "title": "Ensure that the --bind-address argument is set to 127.0.0.1"
        },
        {
            "changed": false,
            "control": "3.1.1",
            "message": "Manual configuration required. See documentation for identity provider setup.",
            "status": "MANUAL",
            "timestamp": "2025-11-20T10:04:03Z",
            "title": "Client certificate authentication should not be used for users"
        },
        {
            "changed": false,
            "control": "3.1.x",
            "message": " No identity providers configured. Configure identity providers before removing kubeadmin. ",
            "status": " SKIPPED ",
            "timestamp": "2025-11-20T10:04:03Z",
            "title": "Remove kubeadmin secret after identity providers are configured"
        },
        {
            "changed": false,
            "control": "3.1.x",
            "message": "Operator-managed configuration. OpenShift default is secure.",
            "status": "NOT_AVAILABLE",
            "timestamp": "2025-11-20T10:04:03Z",
            "title": "Anonymous authentication configuration"
        },
        {
            "changed": false,
            "control": "3.2.1",
            "message": "Audit policy is enabled by default. Operator-managed configuration.",
            "status": "NOT_AVAILABLE",
            "timestamp": "2025-11-20T10:04:03Z",
            "title": "Ensure that a minimal audit policy is created"
        },
        {
            "changed": false,
            "control": "3.2.2",
            "message": " Audit profile already set to Default. ",
            "status": " SKIPPED ",
            "timestamp": "2025-11-20T10:04:03Z",
            "title": "Ensure that the audit policy covers key security concerns"
        },
        {
            "control": "4.1.1",
            "message": "Operator-managed - no manual remediation available",
            "status": "NOT_AVAILABLE",
            "title": "Kubelet service file permissions"
        },
        {
            "control": "4.1.2",
            "message": "Operator-managed - no manual remediation available",
            "status": "NOT_AVAILABLE",
            "title": "Kubelet service file ownership"
        },
        {
            "control": "4.1.3",
            "message": "Manual remediation required if proxy kubeconfig exists",
            "status": "MANUAL",
            "title": "Proxy kubeconfig file permissions"
        },
        {
            "control": "4.1.4",
            "message": "Manual remediation required if proxy kubeconfig exists",
            "status": "MANUAL",
            "title": "Proxy kubeconfig file ownership"
        },
        {
            "control": "4.1.5",
            "message": "Operator-managed - no manual remediation available",
            "status": "NOT_AVAILABLE",
            "title": "Kubelet.conf file permissions"
        },
        {
            "control": "4.1.6",
            "message": "Operator-managed - no manual remediation available",
            "status": "NOT_AVAILABLE",
            "title": "Kubelet.conf file ownership"
        },
        {
            "control": "4.1.7",
            "message": "Manual remediation required - verify CA file permissions",
            "status": "MANUAL",
            "title": "Certificate authorities file permissions"
        },
        {
            "control": "4.1.8",
            "message": "Manual remediation required - verify CA file ownership",
            "status": "MANUAL",
            "title": "Client certificate authorities file ownership"
        },
        {
            "control": "4.1.9",
            "message": "Operator-managed - no manual remediation available",
            "status": "NOT_AVAILABLE",
            "title": "Kubelet config file permissions"
        },
        {
            "control": "4.1.10",
            "message": "Operator-managed - no manual remediation available",
            "status": "NOT_AVAILABLE",
            "title": "Kubelet config file ownership"
        },
        {
            "control": "4.2.1",
            "message": "Use KubeletConfig to set authentication.anonymous.enabled to false",
            "status": "GUIDANCE_PROVIDED",
            "title": "Anonymous authentication"
        },
        {
            "control": "4.2.2",
            "message": "Use KubeletConfig to set authorization.mode to Webhook",
            "status": "GUIDANCE_PROVIDED",
            "title": "Authorization mode"
        },
        {
            "control": "4.2.3",
            "message": "Operator-managed - automatically configured",
            "status": "NOT_AVAILABLE",
            "title": "Client CA file"
        },
        {
            "control": "4.2.4",
            "message": "Use KubeletConfig to set readOnlyPort to 0",
            "status": "GUIDANCE_PROVIDED",
            "title": "Read-only port"
        },
        {
            "control": "4.2.5",
            "message": "Use KubeletConfig to set streamingConnectionIdleTimeout to 5m",
            "status": "GUIDANCE_PROVIDED",
            "title": "Streaming connection idle timeout"
        },
        {
            "control": "4.2.6",
            "message": "Use KubeletConfig to set protectKernelDefaults to true",
            "status": "GUIDANCE_PROVIDED",
            "title": "Protect kernel defaults"
        },
        {
            "control": "4.2.7",
            "message": "Use KubeletConfig to set makeIPTablesUtilChains to true",
            "status": "GUIDANCE_PROVIDED",
            "title": "Make iptables util chains"
        },
        {
            "control": "4.2.8",
            "message": "Manual verification required - ensure hostname-override is not set",
            "status": "MANUAL",
            "title": "Hostname override"
        },
        {
            "control": "4.2.9",
            "message": "Use KubeletConfig to set eventRecordQPS to appropriate value",
            "status": "GUIDANCE_PROVIDED",
            "title": "Event record QPS"
        },
        {
            "control": "4.2.10",
            "message": "Operator-managed - automatically configured",
            "status": "NOT_AVAILABLE",
            "title": "TLS cert and key files"
        },
        {
            "control": "4.2.11",
            "message": "Use KubeletConfig to set rotateCertificates to true",
            "status": "GUIDANCE_PROVIDED",
            "title": "Rotate certificates"
        },
        {
            "control": "4.2.12",
            "message": "Use KubeletConfig to enable RotateKubeletServerCertificate feature gate",
            "status": "GUIDANCE_PROVIDED",
            "title": "Rotate kubelet server certificate"
        },
        {
            "control": "4.2.13",
            "message": "Use KubeletConfig to configure strong TLS cipher suites",
            "status": "GUIDANCE_PROVIDED",
            "title": "TLS cipher suites"
        },
        {
            "changed": true,
            "control": "5.1.5",
            "level": "L1",
            "message": "Disabled automountServiceAccountToken for default service accounts in 18 user namespaces",
            "status": "SUCCESS",
            "timestamp": "2025-11-20T10:04:03Z",
            "title": "Ensure that default service accounts are not actively used"
        },
        {
            "changed": true,
            "control": "5.3.2",
            "level": "L2",
            "message": "Created default deny-all NetworkPolicies for 15 namespaces. Note: You must create allow policies for legitimate traffic.",
            "status": "SUCCESS",
            "timestamp": "2025-11-20T10:04:03Z",
            "title": "Ensure that all Namespaces have Network Policies defined"
        }
    ],
    "dry_run": false,
    "execution_timestamp": "2025-11-20T10:04:03Z",
    "failed": 0,
    "level": "L1",
    "mode": "remediate",
    "not_available": 66,
    "openshift_version": "4.16.12",
    "skipped": 0,
    "successful": 2,
    "total_controls": 95
}