{
    "critical_errors": [],
    "errors_by_section": {
        "section_5": [
            {
                "control": "5.1.5",
                "error_type": "UNKNOWN_ERROR",
                "message": "Failed to audit default service account usage: Task failed: Finalization of task args for 'ansible.builtin.set_fact' failed: Error while resolving value for 'cis_results': Error rendering template: can only concatenate str (not \"_AnsibleTaggedInt\") to str",
                "title": "Ensure that default service accounts are not actively used"
            }
        ]
    },
    "errors_by_type": {
        "UNKNOWN_ERROR": 1
    },
    "summary": "Total Errors: 1\nCritical Errors: 0\nErrors by Type:\n  - UNKNOWN_ERROR: 1",
    "total_errors": 1
}